Sp,Media,Varianza
A. geoffroyi,0.2260375501326087,0.37361284385557536
Macaca arctoides,0.24194707014107142,0.3442457421761031
Mandrillus sphinx,0.31310658185,0.3048811721049292
Sapajus apella,0.22786389238181817,0.31183173027078687
Alouatta guariba,0.145342522975,0.19840406187134416
Pan paniscus,0.2854339882913333,0.3566435651646786
